# noinspection SqlNoDataSourceInspectionForFile

truncate table `b2c_system_user`;
insert into `b2c_system_user` (`user_name`, `password`) values ('system', md5('admin!@#123'));


truncate table `b2c_article_category`;
insert into `b2c_article_category` (`category_id`, `category_name`, `use_footer_nav`)
values ('1', '新手指南',  '1'), ('2', '支付方式', '1'), ('3', '服务保障', '1');

## 帮助文章
truncate table `b2c_article`;
insert into `b2c_article` (`article_id`, `category_id`, `title`, `author`, `keyword`, `desc`, `show_footer`)
values ('1', '1', '购物流程', null, '购物流程', '购物流程', '1'),
  ('2', '1', '交易条款', '交易条款', null, '交易条款', '1'),
  ('3', '1', '常见问题', null, '常见问题', '常见问题', '1'),
  ('4', '1', '商城入驻', null, '商城入驻', '商城入驻', '1'),
  ('5', '2', '货到付款', null, '货到付款', '货到付款', '1'),
  ('6', '2', '银行卡支付', null, '银行卡支付', '银行卡支付', '1'),
  ('7', '2', '支付宝支付', null, '支付宝支付', '支付宝支付', '1'),
  ('8', '3', '售后政策', null, '售后政策', '售后政策', '1'),
  ('9', '3', '求购服务', null, '求购服务', '求购服务', '1'),
  ('10', '3', '接工程服务', null, '接工程服务', '接工程服务', '1');

##应用表
truncate table `b2c_app`;
INSERT INTO `b2c_app` (`app_id`, `app_name`, `app_secret`, `add_time`) VALUES ('200000', 'ERP服务', '36a23c125e6fd10420eb3b6ed48ee057', '2018-5-23 09:52:36');
insert into `b2c_app` (`app_id`, `app_name`, `app_secret`, `add_time`) values('200001','POS服务','b141fbc4bd328822e955aeed011cfc85','2018-11-08 11:16:22');
INSERT INTO `b2c_app` (`app_id`, `app_name`, `app_secret`, `add_time`) VALUES('200002','CRM服务','2b7212759813c4c03ccc316f8cb1c654','2018-11-08 11:16:22');

truncate table `b2c_shop_version`;
insert into `b2c_shop_version` (`version_name`, `level`, `content`, `created`, `flag`) values ('体验版', 'v1', '{"main_config":{"sub_0":["basic_yesterday"],"sub_1":["sort"],"sub_2":["m_member_card","m_voucher","m_video"],"sub_3":["charge_card","count_card","tag","sign_score","pay_score"],"sub_4":["full_cut","pin_group","form_decoration","coupon_split","coupon_grant","coupon_gift"],"sub_5":["store_pay","technician","service"]},"num_config":{"picture_num":"100","video_num":"100","goods_num":"10","store_num":"1","decorate_num":"5","form_num":"20"}}', '2018-07-26 15:30:03', '0');
insert into `b2c_shop_version` (`version_name`, `level`, `content`, `created`, `flag`) values ('基础版', 'v2', '{"main_config":{"sub_0":["basic_yesterday"],"sub_1":["sort"],"sub_2":["m_voucher"],"sub_3":["sign_score","pay_score"],"sub_4":[],"sub_5":["service"]},"num_config":{"picture_num":"500","video_num":"0","goods_num":"500","store_num":"5","decorate_num":"5","form_num":"0"}}', '2018-07-26 15:35:22', '0');
insert into `b2c_shop_version` (`version_name`, `level`, `content`, `created`, `flag`) values ('高级版', 'v3', '{"main_config":{"sub_0":["basic_yesterday","portrait_user","second_view","visit_source"],"sub_1":["sort"],"sub_2":["m_member_card","m_voucher","m_video","authorization"],"sub_3":["charge_card","count_card","tag","sign_score","pay_score"],"sub_4":["full_cut","pin_group","form_decoration","message_template","coupon_split","coupon_grant","coupon_gift"],"sub_5":["store_pay","technician","service"]},"num_config":{"picture_num":"2048","video_num":"2048","goods_num":"-1","store_num":"10","decorate_num":"20","form_num":"20"}}', '2018-07-26 15:37:04', '0');
insert into `b2c_shop_version` (`version_name`, `level`, `content`, `created`, `flag`) values ('旗舰版', 'v4', '{"main_config":{"sub_0":["basic_yesterday","portrait_user","second_view","visit_source"],"sub_1":["sort"],"sub_2":["m_member_card","m_voucher","m_bargain","m_video","authorization"],"sub_3":["charge_card","count_card","tag","sign_score","pay_score"],"sub_4":["full_cut","pin_group","bargain","form_decoration","distribution","message_template","coupon_split","coupon_grant","coupon_gift"],"sub_5":["store_pay","technician","service"]},"num_config":{"picture_num":"10240","video_num":"10240","goods_num":"-1","store_num":"200","decorate_num":"-1","form_num":"-1"}}', '2018-07-26 15:38:12', '0');

#update `b2c_shop` set `shop_type`='v3' where `shop_type` = 0;
#update `b2c_shop` set `shop_type`='v1' where `shop_type` = 1;

#update `b2c_shop_version` set `content`= '{"main_config":{"sub_0":["basic_yesterday","portrait_user","second_view","visit_source"],"sub_1":["sort"],"sub_2":["m_member_card","m_voucher","m_video","m_integral_goods","authorization"],"sub_3":["charge_card","count_card","grade_card","tag","sign_score","pay_score"],"sub_4":["full_cut","pin_group","form_decoration","message_template","coupon_split","coupon_grant","coupon_gift","integral_goods"],"sub_5":["store_pay","technician","service"]},"num_config":{"picture_num":"2048","video_num":"2048","goods_num":"-1","store_num":"10","decorate_num":"20","form_num":"20"}}' where `level` = 'v3';
#update `b2c_shop_version` set `content`= '{"main_config":{"sub_0":["basic_yesterday","portrait_user","second_view","visit_source"],"sub_1":["sort"],"sub_2":["m_member_card","m_voucher","m_bargain","m_video","m_integral_goods","authorization"],"sub_3":["charge_card","count_card","grade_card","tag","sign_score","pay_score"],"sub_4":["full_cut","pin_group","bargain","form_decoration","distribution","message_template","coupon_split","coupon_grant","coupon_gift","integral_goods"],"sub_5":["store_pay","technician","service"]},"num_config":{"picture_num":"10240","video_num":"10240","goods_num":"-1","store_num":"200","decorate_num":"-1","form_num":"-1"}}' where `level` = 'v4';

#update `b2c_shop_version` set `content`= '{"main_config":{"sub_0":["basic_yesterday"],"sub_1":["sort"],"sub_2":["m_member_card","m_voucher","m_video"],"sub_3":["charge_card","count_card","tag","sign_score","pay_score"],"sub_4":["full_cut","pin_group","form_decoration","coupon_split","coupon_grant","coupon_gift","pay_reward","activity_reward"],"sub_5":["store_pay","technician","service"]},"num_config":{"picture_num":"100","video_num":"100","goods_num":"10","store_num":"1","decorate_num":"5","form_num":"20"}}' where `level` = 'v1';
#update `b2c_shop_version` set `content`= '{"main_config":{"sub_0":["basic_yesterday","portrait_user","second_view","visit_source"],"sub_1":["sort"],"sub_2":["m_member_card","m_voucher","m_video","m_integral_goods","m_seckill_goods","authorization"],"sub_3":["charge_card","count_card","grade_card","tag","sign_score","pay_score"],"sub_4":["full_cut","pin_group","form_decoration","message_template","pay_reward","coupon_grant","activity_reward","integral_goods","seckill_goods"],"sub_5":["store_pay","technician","service"]},"num_config":{"picture_num":"2048","video_num":"2048","goods_num":"-1","store_num":"10","decorate_num":"20","form_num":"20"}}' where `level` = 'v3';
#update `b2c_shop_version` set `content`= '{"main_config":{"sub_0":["basic_yesterday","portrait_user","second_view","visit_source"],"sub_1":["sort"],"sub_2":["m_member_card","m_voucher","m_bargain","m_video","m_integral_goods","m_seckill_goods","authorization"],"sub_3":["charge_card","count_card","grade_card","tag","sign_score","pay_score"],"sub_4":["full_cut","pin_group","bargain","form_decoration","distribution","message_template","pay_reward","coupon_grant","activity_reward","integral_goods","seckill_goods","lottery"],"sub_5":["store_pay","technician","service"]},"num_config":{"picture_num":"10240","video_num":"10240","goods_num":"-1","store_num":"200","decorate_num":"-1","form_num":"-1"}}' where `level` = 'v4';

#update `b2c_shop_version` set `content`= '{"main_config":{"sub_0":["basic_yesterday","portrait_user","second_view","visit_source"],"sub_1":["sort"],"sub_2":["m_member_card","m_voucher","m_video","m_integral_goods","m_seckill_goods","authorization"],"sub_3":["charge_card","count_card","grade_card","tag","sign_score","pay_score"],"sub_4":["full_cut","pin_group","form_decoration","message_template","pay_reward","coupon_grant","activity_reward","integral_goods","seckill_goods","purchase_price"],"sub_5":["store_pay","technician","service"]},"num_config":{"picture_num":"2048","video_num":"2048","goods_num":"-1","store_num":"10","decorate_num":"20","form_num":"20"}}' where `level` = 'v3';
#update `b2c_shop_version` set `content`= '{"main_config":{"sub_0":["basic_yesterday","portrait_user","second_view","visit_source"],"sub_1":["sort"],"sub_2":["m_member_card","m_voucher","m_bargain","m_video","m_integral_goods","m_seckill_goods","authorization"],"sub_3":["charge_card","count_card","grade_card","tag","sign_score","pay_score"],"sub_4":["full_cut","pin_group","bargain","form_decoration","distribution","message_template","pay_reward","coupon_grant","activity_reward","integral_goods","seckill_goods","lottery","purchase_price"],"sub_5":["store_pay","technician","service"]},"num_config":{"picture_num":"10240","video_num":"10240","goods_num":"-1","store_num":"200","decorate_num":"-1","form_num":"-1"}}' where `level` = 'v4';
#update `b2c_shop_version` set `content`= '{"main_config":{"sub_0":["basic_yesterday"],"sub_1":["sort"],"sub_2":["m_member_card","m_voucher","m_video","m_seckill_goods"],"sub_3":["charge_card","count_card","tag","sign_score","pay_score"],"sub_4":["full_cut","pin_group","form_decoration","coupon_split","coupon_grant","coupon_gift","seckill_goods","purchase_price","pay_reward","activity_reward"],"sub_5":["store_pay","technician","service"]},"num_config":{"picture_num":"100","video_num":"100","goods_num":"10","store_num":"1","decorate_num":"5","form_num":"20"}}' where `level` = 'v1';

#V1.11更新
#update `b2c_shop_version` set `content`= '{"main_config":{"sub_0":["basic_yesterday","portrait_user","second_view","visit_source","trades_summary"],"sub_1":["sort"],"sub_2":["m_member_card","m_voucher","m_video","m_integral_goods","m_seckill_goods","authorization"],"sub_3":["charge_card","count_card","grade_card","tag","sign_score","pay_score"],"sub_4":["full_cut","pin_group","form_decoration","message_template","pay_reward","coupon_grant","activity_reward","integral_goods","seckill_goods","purchase_price","reduce_price"],"sub_5":["store_pay","technician","service"]},"num_config":{"picture_num":"2048","video_num":"2048","goods_num":"-1","store_num":"10","decorate_num":"20","form_num":"20"}}' where `level` = 'v3';
#update `b2c_shop_version` set `content`= '{"main_config":{"sub_0":["basic_yesterday","portrait_user","second_view","visit_source","trades_summary"],"sub_1":["sort"],"sub_2":["m_member_card","m_voucher","m_bargain","m_video","m_integral_goods","m_seckill_goods","authorization"],"sub_3":["charge_card","count_card","grade_card","tag","sign_score","pay_score"],"sub_4":["full_cut","pin_group","bargain","form_decoration","distribution","message_template","pay_reward","coupon_grant","activity_reward","integral_goods","seckill_goods","lottery","purchase_price","reduce_price"],"sub_5":["store_pay","technician","service"]},"num_config":{"picture_num":"10240","video_num":"10240","goods_num":"-1","store_num":"200","decorate_num":"-1","form_num":"-1"}}' where `level` = 'v4';
#update `b2c_shop_version` set `content`= '{"main_config":{"sub_0":["basic_yesterday"],"sub_1":["sort"],"sub_2":["m_member_card","m_voucher","m_video","m_seckill_goods"],"sub_3":["charge_card","count_card","tag","sign_score","pay_score"],"sub_4":["full_cut","pin_group","form_decoration","coupon_split","coupon_grant","coupon_gift","seckill_goods","purchase_price","reduce_price","pay_reward","activity_reward"],"sub_5":["store_pay","technician","service"]},"num_config":{"picture_num":"100","video_num":"100","goods_num":"10","store_num":"1","decorate_num":"5","form_num":"20"}}' where `level` = 'v1';

#V1.12更新
#update `b2c_shop_version` set `content`= '{"main_config":{"sub_0":["basic_yesterday","portrait_user","second_view","visit_source","trades_summary"],"sub_1":["sort"],"sub_2":["m_member_card","m_voucher","m_video","m_integral_goods","m_seckill_goods","authorization","m_group_draw","m_pin_integration"],"sub_3":["charge_card","count_card","grade_card","tag","sign_score","pay_score"],"sub_4":["full_cut","pin_group","form_decoration","message_template","pay_reward","coupon_grant","activity_reward","integral_goods","seckill_goods","purchase_price","reduce_price","group_draw","pin_integration"],"sub_5":["store_pay","technician","service"]},"num_config":{"picture_num":"2048","video_num":"2048","goods_num":"-1","store_num":"10","decorate_num":"20","form_num":"20"}}' where `level` = 'v3';
#update `b2c_shop_version` set `content`= '{"main_config":{"sub_0":["basic_yesterday","portrait_user","second_view","visit_source","trades_summary"],"sub_1":["sort"],"sub_2":["m_member_card","m_voucher","m_bargain","m_video","m_integral_goods","m_seckill_goods","authorization","m_group_draw","m_pin_integration"],"sub_3":["charge_card","count_card","grade_card","tag","sign_score","pay_score"],"sub_4":["full_cut","pin_group","bargain","form_decoration","distribution","message_template","pay_reward","coupon_grant","activity_reward","integral_goods","seckill_goods","lottery","purchase_price","reduce_price","group_draw","pin_integration"],"sub_5":["store_pay","technician","service"]},"num_config":{"picture_num":"10240","video_num":"10240","goods_num":"-1","store_num":"200","decorate_num":"-1","form_num":"-1"}}' where `level` = 'v4';

#V1.15更新
#update `b2c_shop_version` set `content`= '{"main_config":{"sub_0":["basic_yesterday","portrait_user","second_view","visit_source","trades_summary"],"sub_1":["sort"],"sub_2":["m_member_card","m_voucher","m_video","m_integral_goods","m_seckill_goods","authorization","m_group_draw","m_pin_integration"],"sub_3":["charge_card","count_card","grade_card","tag","sign_score","pay_score"],"sub_4":["full_cut","pin_group","form_decoration","message_template","pay_reward","coupon_grant","activity_reward","integral_goods","seckill_goods","purchase_price","reduce_price","group_draw","pin_integration","package_sale"],"sub_5":["store_pay","technician","service"]},"num_config":{"picture_num":"2048","video_num":"2048","goods_num":"-1","store_num":"10","decorate_num":"20","form_num":"20"}}' where `level` = 'v3';
#update `b2c_shop_version` set `content`= '{"main_config":{"sub_0":["basic_yesterday","portrait_user","second_view","visit_source","trades_summary"],"sub_1":["sort"],"sub_2":["m_member_card","m_voucher","m_bargain","m_video","m_integral_goods","m_seckill_goods","authorization","m_group_draw","m_pin_integration"],"sub_3":["charge_card","count_card","grade_card","tag","sign_score","pay_score"],"sub_4":["full_cut","pin_group","bargain","form_decoration","distribution","message_template","pay_reward","coupon_grant","activity_reward","integral_goods","seckill_goods","lottery","purchase_price","reduce_price","group_draw","pin_integration","package_sale"],"sub_5":["store_pay","technician","service"]},"num_config":{"picture_num":"10240","video_num":"10240","goods_num":"-1","store_num":"200","decorate_num":"-1","form_num":"-1"}}' where `level` = 'v4';
#update `b2c_shop_version` set `content`= '{"main_config":{"sub_0":["basic_yesterday"],"sub_1":["sort"],"sub_2":["m_member_card","m_voucher","m_video","m_seckill_goods"],"sub_3":["charge_card","count_card","tag","sign_score","pay_score"],"sub_4":["full_cut","pin_group","form_decoration","coupon_split","coupon_grant","coupon_gift","seckill_goods","purchase_price","reduce_price","pay_reward","activity_reward","package_sale"],"sub_5":["store_pay","technician","service"]},"num_config":{"picture_num":"100","video_num":"100","goods_num":"10","store_num":"1","decorate_num":"5","form_num":"20"}}' where `level` = 'v1';

#V1.16更新
#update `b2c_shop_version` set `content`= '{"main_config":{"sub_0":["basic_yesterday","portrait_user","second_view","visit_source","trades_summary"],"sub_1":["sort"],"sub_2":["m_member_card","m_voucher","m_video","m_integral_goods","m_seckill_goods","authorization","m_group_draw","m_pin_integration"],"sub_3":["charge_card","count_card","grade_card","tag","sign_score","pay_score"],"sub_4":["full_cut","pin_group","form_decoration","message_template","pay_reward","coupon_grant","activity_reward","integral_goods","seckill_goods","purchase_price","reduce_price","group_draw","pin_integration","package_sale","pre_sale"],"sub_5":["store_pay","technician","service"]},"num_config":{"picture_num":"2048","video_num":"2048","goods_num":"-1","store_num":"10","decorate_num":"20","form_num":"20"}}' where `level` = 'v3';
#update `b2c_shop_version` set `content`= '{"main_config":{"sub_0":["basic_yesterday","portrait_user","second_view","visit_source","trades_summary"],"sub_1":["sort"],"sub_2":["m_member_card","m_voucher","m_bargain","m_video","m_integral_goods","m_seckill_goods","authorization","m_group_draw","m_pin_integration"],"sub_3":["charge_card","count_card","grade_card","tag","sign_score","pay_score"],"sub_4":["full_cut","pin_group","bargain","form_decoration","distribution","message_template","pay_reward","coupon_grant","activity_reward","integral_goods","seckill_goods","lottery","purchase_price","reduce_price","group_draw","pin_integration","package_sale","pre_sale"],"sub_5":["store_pay","technician","service"]},"num_config":{"picture_num":"10240","video_num":"10240","goods_num":"-1","store_num":"200","decorate_num":"-1","form_num":"-1"}}' where `level` = 'v4';

#V1.17更新
#update `b2c_shop_version` set `content`= '{"main_config":{"sub_0":["basic_yesterday"],"sub_1":["sort"],"sub_2":["m_member_card","m_voucher","m_video","m_seckill_goods"],"sub_3":["charge_card","count_card","tag","sign_score","pay_score"],"sub_4":["full_cut","pin_group","form_decoration","coupon_split","coupon_grant","coupon_gift","seckill_goods","purchase_price","reduce_price","pay_reward","activity_reward","package_sale","insteadpay"],"sub_5":["store_pay","technician","service"]},"num_config":{"picture_num":"100","video_num":"100","goods_num":"10","store_num":"1","decorate_num":"5","form_num":"20"}}' where `level` = 'v1';
#update `b2c_shop_version` set `content`= '{"main_config":{"sub_0":["basic_yesterday"],"sub_1":["sort"],"sub_2":["m_voucher"],"sub_3":["sign_score","pay_score"],"sub_4":["insteadpay"],"sub_5":["service"]},"num_config":{"picture_num":"500","video_num":"0","goods_num":"500","store_num":"5","decorate_num":"5","form_num":"0"}}' where `level` = 'v2';
#update `b2c_shop_version` set `content`= '{"main_config":{"sub_0":["basic_yesterday","portrait_user","second_view","visit_source","trades_summary"],"sub_1":["sort"],"sub_2":["m_member_card","m_voucher","m_video","m_integral_goods","m_seckill_goods","authorization","m_group_draw","m_pin_integration"],"sub_3":["charge_card","count_card","grade_card","tag","sign_score","pay_score"],"sub_4":["full_cut","pin_group","form_decoration","message_template","pay_reward","coupon_grant","activity_reward","integral_goods","seckill_goods","purchase_price","reduce_price","group_draw","pin_integration","package_sale","pre_sale","insteadpay"],"sub_5":["store_pay","technician","service"]},"num_config":{"picture_num":"2048","video_num":"2048","goods_num":"-1","store_num":"10","decorate_num":"20","form_num":"20"}}' where `level` = 'v3';
#update `b2c_shop_version` set `content`= '{"main_config":{"sub_0":["basic_yesterday","portrait_user","second_view","visit_source","trades_summary"],"sub_1":["sort"],"sub_2":["m_member_card","m_voucher","m_bargain","m_video","m_integral_goods","m_seckill_goods","authorization","m_group_draw","m_pin_integration"],"sub_3":["charge_card","count_card","grade_card","tag","sign_score","pay_score"],"sub_4":["full_cut","pin_group","bargain","form_decoration","distribution","message_template","pay_reward","coupon_grant","activity_reward","integral_goods","seckill_goods","lottery","purchase_price","reduce_price","group_draw","pin_integration","package_sale","pre_sale","insteadpay"],"sub_5":["store_pay","technician","service"]},"num_config":{"picture_num":"10240","video_num":"10240","goods_num":"-1","store_num":"200","decorate_num":"-1","form_num":"-1"}}' where `level` = 'v4';

#更新是否隐藏底部
#update `b2c_shop` set `hid_bottom`=1 where `shop_flag` in (1,2);
#update `b2c_shop` set `shop_flag`=0 where `shop_flag`=2;

#V1.19更新
#update `b2c_shop_version` set `content`= '{"main_config":{"sub_0":["basic_yesterday","portrait_user","second_view","visit_source","trades_summary"],"sub_1":["sort"],"sub_2":["m_member_card","m_voucher","m_video","m_integral_goods","m_seckill_goods","authorization","m_group_draw","m_pin_integration"],"sub_3":["charge_card","count_card","grade_card","tag","sign_score","pay_score"],"sub_4":["full_cut","pin_group","form_decoration","message_template","pay_reward","coupon_grant","activity_reward","integral_goods","seckill_goods","purchase_price","reduce_price","group_draw","pin_integration","package_sale","pre_sale","insteadpay","gift"],"sub_5":["store_pay","technician","service"]},"num_config":{"picture_num":"2048","video_num":"2048","goods_num":"-1","store_num":"10","decorate_num":"20","form_num":"20"}}' where `level` = 'v3';
#update `b2c_shop_version` set `content`= '{"main_config":{"sub_0":["basic_yesterday","portrait_user","second_view","visit_source","trades_summary"],"sub_1":["sort"],"sub_2":["m_member_card","m_voucher","m_bargain","m_video","m_integral_goods","m_seckill_goods","authorization","m_group_draw","m_pin_integration"],"sub_3":["charge_card","count_card","grade_card","tag","sign_score","pay_score"],"sub_4":["full_cut","pin_group","bargain","form_decoration","distribution","message_template","pay_reward","coupon_grant","activity_reward","integral_goods","seckill_goods","lottery","purchase_price","reduce_price","group_draw","pin_integration","package_sale","pre_sale","insteadpay","gift"],"sub_5":["store_pay","technician","service"]},"num_config":{"picture_num":"10240","video_num":"10240","goods_num":"-1","store_num":"200","decorate_num":"-1","form_num":"-1"}}' where `level` = 'v4';

#V1.20更新
#update `b2c_shop_version` set `content`= '{"main_config":{"sub_0":["basic_yesterday","portrait_user","second_view","visit_source","trades_summary","analysis_visit_source"],"sub_1":["sort"],"sub_2":["m_member_card","m_voucher","m_video","m_integral_goods","m_seckill_goods","authorization","m_group_draw","m_pin_integration"],"sub_3":["charge_card","count_card","grade_card","tag","sign_score","pay_score"],"sub_4":["full_cut","pin_group","form_decoration","message_template","pay_reward","coupon_grant","activity_reward","integral_goods","seckill_goods","purchase_price","reduce_price","group_draw","pin_integration","package_sale","pre_sale","insteadpay","gift"],"sub_5":["store_pay","technician","service"]},"num_config":{"picture_num":"2048","video_num":"2048","goods_num":"-1","store_num":"10","decorate_num":"20","form_num":"20"}}' where `level` = 'v3';
#update `b2c_shop_version` set `content`= '{"main_config":{"sub_0":["basic_yesterday","portrait_user","second_view","visit_source","trades_summary","analysis_visit_source"],"sub_1":["sort"],"sub_2":["m_member_card","m_voucher","m_bargain","m_video","m_integral_goods","m_seckill_goods","authorization","m_group_draw","m_pin_integration"],"sub_3":["charge_card","count_card","grade_card","tag","sign_score","pay_score"],"sub_4":["full_cut","pin_group","bargain","form_decoration","distribution","message_template","pay_reward","coupon_grant","activity_reward","integral_goods","seckill_goods","lottery","purchase_price","reduce_price","group_draw","pin_integration","package_sale","pre_sale","insteadpay","gift"],"sub_5":["store_pay","technician","service"]},"num_config":{"picture_num":"10240","video_num":"10240","goods_num":"-1","store_num":"200","decorate_num":"-1","form_num":"-1"}}' where `level` = 'v4';

#V1.22更新
#update `b2c_shop_version` set `content`= '{"main_config":{"sub_0":["basic_yesterday","portrait_user","second_view","visit_source","trades_summary","analysis_visit_source"],"sub_1":["sort"],"sub_2":["m_member_card","m_voucher","m_bargain","m_video","m_integral_goods","m_seckill_goods","authorization","m_group_draw","m_pin_integration"],"sub_3":["charge_card","count_card","grade_card","tag","sign_score","pay_score"],"sub_4":["full_cut","pin_group","bargain","form_decoration","distribution","message_template","pay_reward","coupon_grant","activity_reward","integral_goods","seckill_goods","lottery","purchase_price","reduce_price","group_draw","pin_integration","package_sale","pre_sale","insteadpay","gift","promote"],"sub_5":["store_pay","technician","service"]},"num_config":{"picture_num":"10240","video_num":"10240","goods_num":"-1","store_num":"200","decorate_num":"-1","form_num":"-1"}}' where `level` = 'v4';

#V1.23更新
#update `b2c_shop_version` set `content`= '{"main_config":{"sub_0":["basic_yesterday"],"sub_1":["sort"],"sub_2":["m_voucher"],"sub_3":["sign_score","pay_score"],"sub_4":["insteadpay","free_ship"],"sub_5":["service"]},"num_config":{"picture_num":"500","video_num":"0","goods_num":"500","store_num":"5","decorate_num":"5","form_num":"0"}}' where `level` = 'v2';
#update `b2c_shop_version` set `content`= '{"main_config":{"sub_0":["basic_yesterday","portrait_user","second_view","visit_source","trades_summary","analysis_visit_source"],"sub_1":["sort"],"sub_2":["m_member_card","m_voucher","m_video","m_integral_goods","m_seckill_goods","authorization","m_group_draw","m_pin_integration"],"sub_3":["charge_card","count_card","grade_card","tag","sign_score","pay_score"],"sub_4":["full_cut","pin_group","form_decoration","message_template","pay_reward","coupon_grant","activity_reward","integral_goods","seckill_goods","purchase_price","reduce_price","group_draw","pin_integration","package_sale","pre_sale","insteadpay","gift","free_ship"],"sub_5":["store_pay","technician","service"]},"num_config":{"picture_num":"2048","video_num":"2048","goods_num":"-1","store_num":"10","decorate_num":"20","form_num":"20"}}' where `level` = 'v3';
#update `b2c_shop_version` set `content`= '{"main_config":{"sub_0":["basic_yesterday","portrait_user","second_view","visit_source","trades_summary","analysis_visit_source"],"sub_1":["sort"],"sub_2":["m_member_card","m_voucher","m_bargain","m_video","m_integral_goods","m_seckill_goods","authorization","m_group_draw","m_pin_integration"],"sub_3":["charge_card","count_card","grade_card","tag","sign_score","pay_score"],"sub_4":["full_cut","pin_group","bargain","form_decoration","distribution","message_template","pay_reward","coupon_grant","activity_reward","integral_goods","seckill_goods","lottery","purchase_price","reduce_price","group_draw","pin_integration","package_sale","pre_sale","insteadpay","gift","promote","assess","free_ship"],"sub_5":["store_pay","technician","service"]},"num_config":{"picture_num":"10240","video_num":"10240","goods_num":"-1","store_num":"200","decorate_num":"-1","form_num":"-1"}}' where `level` = 'v4';

#V1.24更新
#update `b2c_shop_version` set `content`= '{"main_config":{"sub_0":["basic_yesterday"],"sub_1":["sort"],"sub_2":["m_member_card","m_voucher","m_video","m_seckill_goods"],"sub_3":["charge_card","count_card","tag","sign_score","pay_score"],"sub_4":["full_cut","pin_group","form_decoration","coupon_split","coupon_grant","coupon_gift","seckill_goods","purchase_price","reduce_price","pay_reward","activity_reward","package_sale","insteadpay","reduce_price"],"sub_5":["store_pay","technician","service"]},"num_config":{"picture_num":"100","video_num":"100","goods_num":"10","store_num":"1","decorate_num":"5","form_num":"20"}}' where `level` = 'v1';
#update `b2c_shop_version` set `content`= '{"main_config":{"sub_0":["basic_yesterday","portrait_user","second_view","visit_source","trades_summary","analysis_visit_source"],"sub_1":["sort"],"sub_2":["m_member_card","m_voucher","m_video","m_integral_goods","m_seckill_goods","authorization","m_group_draw","m_pin_integration"],"sub_3":["charge_card","count_card","grade_card","tag","sign_score","pay_score"],"sub_4":["full_cut","pin_group","form_decoration","message_template","pay_reward","coupon_grant","activity_reward","integral_goods","seckill_goods","purchase_price","reduce_price","group_draw","pin_integration","package_sale","pre_sale","insteadpay","gift","free_ship","reduce_price","coupon_package","comment_gift"],"sub_5":["store_pay","technician","service"]},"num_config":{"picture_num":"2048","video_num":"2048","goods_num":"-1","store_num":"10","decorate_num":"20","form_num":"20"}}' where `level` = 'v3';
#update `b2c_shop_version` set `content`= '{"main_config":{"sub_0":["basic_yesterday","portrait_user","second_view","visit_source","trades_summary","analysis_visit_source"],"sub_1":["sort"],"sub_2":["m_member_card","m_voucher","m_bargain","m_video","m_integral_goods","m_seckill_goods","authorization","m_group_draw","m_pin_integration"],"sub_3":["charge_card","count_card","grade_card","tag","sign_score","pay_score"],"sub_4":["full_cut","pin_group","bargain","form_decoration","distribution","message_template","pay_reward","coupon_grant","activity_reward","integral_goods","seckill_goods","lottery","purchase_price","reduce_price","group_draw","pin_integration","package_sale","pre_sale","insteadpay","gift","promote","assess","free_ship","reduce_price","coupon_package","comment_gift"],"sub_5":["store_pay","technician","service"]},"num_config":{"picture_num":"10240","video_num":"10240","goods_num":"-1","store_num":"200","decorate_num":"-1","form_num":"-1"}}' where `level` = 'v4';

#V1.25
update `b2c_shop_version` set `content`= '{"main_config":{"sub_0":["basic_yesterday","portrait_user","second_view","visit_source","trades_summary","analysis_visit_source"],"sub_1":["sort"],"sub_2":["m_member_card","m_voucher","m_video","m_integral_goods","m_seckill_goods","authorization","m_group_draw","m_pin_integration","m_nav"],"sub_3":["charge_card","count_card","grade_card","tag","sign_score","pay_score"],"sub_4":["full_cut","pin_group","form_decoration","message_template","pay_reward","coupon_grant","activity_reward","integral_goods","seckill_goods","purchase_price","reduce_price","group_draw","pin_integration","package_sale","pre_sale","insteadpay","gift","free_ship","reduce_price","coupon_package","comment_gift"],"sub_5":["store_pay","technician","service"]},"num_config":{"picture_num":"2048","video_num":"2048","goods_num":"-1","store_num":"10","decorate_num":"50","form_num":"20"}}' where `level` = 'v3';
update `b2c_shop_version` set `content`= '{"main_config":{"sub_0":["basic_yesterday","portrait_user","second_view","visit_source","trades_summary","analysis_visit_source"],"sub_1":["sort"],"sub_2":["m_member_card","m_voucher","m_bargain","m_video","m_integral_goods","m_seckill_goods","authorization","m_group_draw","m_pin_integration","m_nav"],"sub_3":["charge_card","count_card","grade_card","tag","sign_score","pay_score"],"sub_4":["full_cut","pin_group","bargain","form_decoration","distribution","message_template","pay_reward","coupon_grant","activity_reward","integral_goods","seckill_goods","lottery","purchase_price","reduce_price","group_draw","pin_integration","package_sale","pre_sale","insteadpay","gift","promote","assess","free_ship","reduce_price","coupon_package","comment_gift"],"sub_5":["store_pay","technician","service"]},"num_config":{"picture_num":"10240","video_num":"10240","goods_num":"-1","store_num":"200","decorate_num":"-1","form_num":"-1"}}' where `level` = 'v4';
